category,firstname,lastname,email,gender,birthDate
toys,Maribel,Towne,dagmar75@gmail.com,female,1972-05-05
electronics,Martina,Heller,dreinger@yahoo.com,female,1990-11-27
handmade,Santina,Runte,murazik.coty@hotmail.com,male,1990-11-05
handmade,Ora,Schinner,dwindler@schiller.com,female,2003-08-05
health,Blake,Robel,korey.hagenes@yahoo.com,female,2001-07-09
films,Jessyca,Ruecker,braulio.hodkiewicz@gmail.com,female,2003-12-27
books,Kirstin,Grady,lemke.cyrus@labadie.com,female,1992-08-11
clothes,Zoe,Hand,kianna34@hotmail.com,female,1984-03-15
books,Johnnie,Corwin,koch.jorge@block.com,male,2004-01-17
food,Sigmund,Prohaska,dagmar.reilly@bradtke.biz,male,2000-07-02
clothes,Noel,Nicolas,makenzie57@ullrich.biz,male,1994-01-29
clothes,Rosamond,Terry,arlo.lynch@sanford.com,male,1988-07-02
sports,Deanna,Cassin,percy.rice@gmail.com,female,1992-12-02
electronics,Julie,Breitenberg,tgerhold@stokes.com,male,1987-12-07
electronics,Rubye,Gerlach,anibal43@gmail.com,male,1987-08-23
electronics,Lavonne,Volkman,bosco.kaycee@brekke.com,male,1989-02-23
clothes,Frederik,Osinski,wcole@yahoo.com,female,1998-10-08
clothes,Madeline,Farrell,paucek.ervin@gmail.com,male,1985-12-17
films,Shanny,Boehm,velda.gleichner@koelpin.com,female,1998-06-03
sports,Trey,Bernier,colby95@hotmail.com,male,1996-04-09
films,Colt,Grady,favian.ruecker@murazik.biz,female,1972-02-01
electronics,Olin,Quigley,wilfredo.dicki@wisoky.com,female,1996-05-04
food,Jackie,Hettinger,pfannerstill.philip@fay.com,female,1985-06-15
books,Korbin,Terry,quinn05@yahoo.com,female,1970-10-07
sports,Antonietta,Kuphal,kieran88@yahoo.com,male,1982-08-23
electronics,Margret,Will,hansen.rosella@yahoo.com,male,1995-07-26
sports,Cindy,Powlowski,wilfredo.gottlieb@yahoo.com,female,1971-09-12
food,Sophie,Wyman,ledner.agustina@fay.com,female,1980-03-02
sports,Alexys,Kovacek,bechtelar.cristobal@hotmail.com,female,2002-12-12
sports,Annie,Wilderman,jude30@windler.com,female,1991-07-04
sports,Dayne,Smitham,alejandra.cole@cole.info,male,1999-09-19
handmade,Veda,Tremblay,anissa.collins@schoen.net,female,1997-04-28
sports,Kadin,Zieme,jared99@hirthe.org,male,1993-07-09
films,Toni,Kshlerin,raheem.harber@yahoo.com,male,2003-03-04
toys,Abe,Lindgren,okey34@hotmail.com,female,1982-08-08
toys,Karley,Waters,balistreri.makenzie@yahoo.com,female,1987-04-13
electronics,Geo,Hill,thora42@yahoo.com,female,1996-03-21
handmade,Jon,Miller,alfonso76@gmail.com,female,1981-05-26